Workbook

Sheet MAX
A1: Station: Gantsi
A2: Mean Monthly Maximum temperatures
B3: Jul | C3: Aug | D3: Sep | E3: Oct | F3: Nov | G3: Dec | H3: Jan | I3: Feb | J3: Mar | K3: Apr | L3: May | M3: Jun | N3: Annual Av.
A4: 1993/94 | B4: 24.3 | C4: 26.6 | D4: 31.8 | E4: 33.2 | F4: 33.2 | G4: 34.7 | H4: 29.3 | I4: 30.8 | J4: 34.3 | K4: 30.6 | L4: 27.4 | M4: 22.4 | N4: =AVERAGE(B4:M4) -> 29.883333
A5: 1994/95 | B5: 21.9 | C5: 26.2 | D5: 32 | E5: 33.9 | F5: 33.9 | G5: 35.9 | H5: 36.4 | I5: 34.3 | J5: 32.7 | K5: 30.8 | L5: 25.4 | M5: 23.9 | N5: =AVERAGE(B5:M5) -> 30.608333
A6: 1995/96 | B6: 24.8 | C6: 27.4 | D6: 32.3 | E6: 33.8 | F6: 34.5 | G6: 32.5 | H6: 31.6 | I6: 30.8 | J6: 31.3 | K6: 29.6 | L6: 26.6 | M6: 24.8 | N6: =AVERAGE(B6:M6) -> 30
A7: 1996/97 | B7: 22.8 | C7: 27.6 | D7: 31.5 | E7: 36.2 | F7: 33.1 | G7: 34.3 | H7: 30.6 | I7: 32.2 | J7: 28.8 | K7: 28 | L7: 25.2 | M7: 24.8 | N7: =AVERAGE(B7:M7) -> 29.591667
A8: 1997/98 | B8: 24.2 | C8: 28.5 | D8: 30.4 | E8: 32.6 | F8: 34.9 | G8: 35.3 | H8: 32.8 | I8: 34.7 | J8: 34 | K8: 32.2 | L8: 28.1 | M8: 26.8 | N8: =AVERAGE(B8:M8) -> 31.208333
A9: 1998/99 | B9: 25.4 | C9: 26.3 | D9: 32.9 | E9: 33.9 | F9: 33.3 | G9: 31.5 | H9: 33.8 | I9: 34.6 | J9: 32.7 | K9: 31.5 | L9: 28.5 | M9: 25.5 | N9: =AVERAGE(B9:M9) -> 30.825
A10: 1999/00 | B10: 24 | C10: 26.9 | D10: 30.1 | E10: 32.1 | F10: 34.4 | G10: 30.7 | H10: 29.3 | I10: 28.9 | J10: 28.6 | K10: 27.7 | L10: 25.7 | M10: 23.7 | N10: =AVERAGE(B10:M10) -> 28.508333
A11: 2000/01 | B11: 23.1 | C11: 26.8 | D11: 31.3 | E11: 34.2 | F11: 33.7 | G11: 33.5 | H11: 35.6 | I11: 32.3 | J11: 30.7 | K11: 29.1 | L11: 25.9 | M11: 24.5 | N11: =AVERAGE(B11:M11) -> 30.058333
A12: 2001/02 | B12: 23.3 | C12: 27.9 | D12: 31.3 | E12: 34.7 | F12: 31.9 | G12: 34.3 | H12: 34.8 | I12: 32.9 | J12: 33 | K12: 31.6 | L12: 28.1 | M12: 23.2 | N12: =AVERAGE(B12:M12) -> 30.583333
A13: 2002/03 | B13: 25.9 | C13: 28.1 | D13: 30.8 | E13: 33.9 | F13: 32.8 | G13: 34 | H13: 35.8 | I13: 33.6 | J13: 33.6 | K13: 31.7 | L13: 27.6 | M13: 23.6 | N13: =AVERAGE(B13:M13) -> 30.95
A14: 2003/04 | B14: 23.8 | C14: 26.8 | D14: 32.5 | E14: 33.8 | F14: 33.9 | G14: 34.4 | H14: 32.8 | I14: 31.9 | J14: 28.8 | K14: 28.7 | L14: 26.8 | M14: 23.2 | N14: =AVERAGE(B14:M14) -> 29.783333
A15: 2004/05 | B15: 22.9 | C15: 28.7 | D15: 30.5 | E15: 33.3 | F15: 35.1 | G15: 34.3 | H15: 34.5 | I15: 33.4 | J15: 32 | K15: 28.8 | L15: 28.8 | M15: 27.1 | N15: =AVERAGE(B15:M15) -> 30.783333
... A34: 2023/24 | B34: 24.1 | C34: 28.3 | D34: 32.7 | E34: 36.8 | F34: 35.5 | G34: 34.7 | H34: 33.6 | I34: 36.8 | J34: 35.8 | K34: 32.6 | L34: 29.1 | M34: 24.6 | N34: =AVERAGE(B34:M34) -> 32.05
A35: MONTHLY AVE | B35: =AVERAGE(B4:B34) -> 24.064568 | C35: =AVERAGE(C4:C34) -> 27.716753 | D35: =AVERAGE(D4:D34) -> 31.860297 | E35: =AVERAGE(E4:E34) -> 34.108377 | F35: =AVERAGE(F4:F34) -> 33.50271 | G35: =AVERAGE(G4:G34) -> 33.312344 | H35: =AVERAGE(H4:H34) -> 32.501713 | I35: =AVERAGE(I4:I34) -> 31.970644 | ... M35: =AVERAGE(M4:M34) -> 24.631724
A39: Station: Shakawe
A40: Mean Monthly Maximum temperatures
B41: Jul | C41: Aug | D41: Sep | E41: Oct | F41: Nov | G41: Dec | H41: Jan | I41: Feb | J41: Mar | K41: Apr | L41: May | M41: Jun | N41: Annual Av.
A42: 1993/94 | B42: 26.1 | C42: 29.7 | D42: 32.8 | E42: 35.4 | F42: 33.7 | G42: 33.1 | H42: 29.1 | I42: 30.2 | J42: 33.9 | K42: 32.1 | L42: 28.9 | M42: 25.1 | N42: =AVERAGE(B42:M42) -> 30.841667
A43: 1994/95 | B43: 24.2 | C43: 29.1 | D43: 34 | E43: 35.3 | F43: 34.8 | G43: 35 | H43: 35.3 | I43: 30.7 | J43: 32.8 | K43: 31.6 | L43: 28.4 | M43: 25.7 | N43: =AVERAGE(B43:M43) -> 31.408333
A44: 1995/96 | B44: 27.3 | C44: 30.6 | D44: 34.2 | E44: 36.4 | F44: 36 | G44: 33.3 | H44: 30.9 | I44: 31.9 | J44: 32.2 | K44: 31.7 | L44: 29.3 | M44: 26.3 | N44: =AVERAGE(B44:M44) -> 31.675
A45: 1996/97 | B45: 25.4 | C45: 31.1 | D45: 33.8 | E45: 37.2 | F45: 33.9 | G45: 33.9 | H45: 30.1 | I45: 30.6 | J45: 30.5 | K45: 30.5 | L45: 27.4 | M45: 27.1 | N45: =AVERAGE(B45:M45) -> 30.958333
A46: 1997/98 | B46: 26.2 | C46: 30.6 | D46: 33 | E46: 33.7 | F46: 34.8 | G46: 34.8 | H46: 31.7 | I46: 33.4 | J46: 33.7 | K46: 32.5 | L46: 29.8 | M46: 27.4 | N46: =AVERAGE(B46:M46) -> 31.8
A47: 1998/99 | B47: 27 | C47: 28.6 | D47: 34.5 | E47: 35.8 | F47: 33.6 | G47: 30.8 | H47: 31.6 | I47: 32.4 | J47: 31.9 | K47: 31.6 | L47: 29.9 | M47: 27.2 | N47: =AVERAGE(B47:M47) -> 31.241667
A48: 1999/00 | B48: 26 | C48: 29.3 | D48: 32.2 | E48: 34.5 | F48: 34.5 | G48: 30.7 | H48: 28.5 | I48: 29.8 | J48: 30.3 | K48: 29.9 | L48: 27.8 | M48: 25.9 | N48: =AVERAGE(B48:M48) -> 29.95
A49: 2000/01 | B49: 25.3 | C49: 28 | D49: 33.2 | E49: 35.6 | F49: 35.7 | G49: 31.9 | H49: 33.1 | I49: 29.4 | J49: 29.7 | K49: 29.9 | L49: 27.8 | M49: 26.3 | N49: =AVERAGE(B49:M49) -> 30.491667
A50: 2001/02 | B50: 24.9 | C50: 30.4 | D50: 33.5 | E50: 35.2 | F50: 31.7 | G50: 33 | H50: 33.4 | I50: 33.3 | J50: 33.6 | K50: 31.4 | L50: 29.6 | M50: 25.4 | N50: =AVERAGE(B50:M50) -> 31.283333
A51: 2002/03 | B51: 28.3 | C51: 29.8 | D51: 32.5 | E51: 34.7 | F51: 33.7 | G51: 33.8 | H51: 33.7 | I51: 31.9 | J51: 33.4 | K51: 31.5 | L51: 28.8 | M51: 25.9 | N51: =AVERAGE(B51:M51) -> 31.5
A52: 2003/04 | B52: 25.6 | C52: 28.9 | D52: 34.1 | E52: 35.6 | F52: 34.4 | G52: 32.1 | H52: 30.6 | I52: 31.1 | J52: 29 | K52: 29.2 | L52: 26.9 | M52: 24.8 | N52: =AVERAGE(B52:M52) -> 30.191667
A53: 2004/05 | B53: 24.8 | C53: 30.5 | D53: 32.3 | E53: 35.3 | F53: 35.2 | G53: 32.8 | H53: 34 | I53: 33.5 | J53: 31.4 | K53: 32 | L53: 30.4 | M53: 28.7 | N53: =AVERAGE(B53:M53) -> 31.741667
... A68: 2019/20 | B68: 27.9 | C68: 30.9 | D68: 32.9 | E68: 36.6 | F68: 36 | G68: 34.7 | H68: 35 | I68: 35.1 | J68: 31.8 | K68: 31.3 | L68: 29.2 | M68: 27.1 | N68: =AVERAGE(B68:M68) -> 32.375
A69: 2020/21 | B69: =AVERAGE(B39:B65) -> 26.054203 | C69: =AVERAGE(C39:C65) -> 29.787132 | D69: =AVERAGE(D39:D65) -> 33.447904 | E69: =AVERAGE(E39:E65) -> 35.593936 | F69: =AVERAGE(F39:F65) -> 33.990158 | G69: =AVERAGE(G39:G65) -> 32.249872 | H69: =AVERAGE(H39:H64) -> 32.004348 | I69: =AVERAGE(I39:I64) -> 31.408696 | J69: =AVERAGE(J39:J64) -> 31.382609 | K69: =AVERAGE(B39:J63) -> 31.665152 | L69: =AVERAGE(C39:K63) -> 32.181313 | M69: =AVERAGE(D39:L63) -> 32.093434 | N69: =AVERAGE(B69:M69) -> 31.821563
A70: 2021/22 | B70: =AVERAGE(B40:B66) -> 26.084034 | C70: =AVERAGE(C40:C66) -> 29.783646 | D70: =AVERAGE(D40:D66) -> 33.419976 | E70: =AVERAGE(E40:E66) -> 35.602179 | F70: 36.1 | G70: 32.3 | H70: 29.5 | I70: 31.8 | J70: 29.4 | K70: 30.1 | L70: 27.8 | M70: 25.6 | N70: =AVERAGE(B70:M70) -> 30.624153
A71: 2022/23 | B71: 27 | C71: 31 | D71: 34.2 | E71: 35.6 | F71: 34.1 | G71: 32.3 | H71: 31.8 | I71: 33.1 | J71: 33.6 | K71: 34 | L71: 32.2 | M71: 29.1 | N71: =AVERAGE(B71:M71) -> 32.333333
A72: 2023/24 | B72: 26.6 | C72: 30.6 | D72: 35.6 | E72: 38.2 | F72: 36.1 | G72: 33.1 | H72: 31.8 | I72: 36 | J72: 31.4 | K72: 30.8 | L72: 30.5 | M72: 26.9 | N72: =AVERAGE(B72:M72) -> 32.3
A73: MONTHLY AVE | B73: =AVERAGE(B42:B72) -> 26.172229 | C73: =AVERAGE(C42:C72) -> 29.956837 | D73: =AVERAGE(D42:D72) -> 33.537654 | E73: =AVERAGE(E42:E72) -> 35.701632 | F73: =AVERAGE(F42:F72) -> 34.301741 | G73: =AVERAGE(G42:G72) -> 32.466026 | H73: =AVERAGE(H42:H72) -> 31.955996 | I73: =AVERAGE(I42:I72) -> 31.6777 | ... M73: =AVERAGE(M42:M72) -> 26.761079
A76: Station: Maun
A77: Mean Monthly Maximum temperatures
B78: Jul | C78: Aug | D78: Sep | E78: Oct | F78: Nov | G78: Dec | H78: Jan | I78: Feb | J78: Mar | K78: Apr | L78: May | M78: Jun | N78: Annual Av.
A79: 1993/94 | B79: 26 | C79: 28.9 | D79: 32.9 | E79: 35.7 | F79: 34.4 | G79: 33.7 | H79: 29.7 | I79: 30.9 | J79: 34.5 | K79: 32.3 | L79: 28.8 | M79: 24.7 | N79: =AVERAGE(B79:M79) -> 31.041667
A80: 1994/95 | B80: 23.7 | C80: 28.4 | D80: 33.2 | E80: 34.6 | F80: 34.9 | G80: 35.9 | H80: 36.3 | I80: 34.9 | J80: 33.5 | K80: 31.8 | L80: 27.7 | M80: 25.5 | N80: =AVERAGE(B80:M80) -> 31.7
A81: 1995/96 | B81: 26.9 | C81: 30 | D81: 33.6 | E81: 36.2 | F81: 36.3 | G81: 33.1 | H81: 31.6 | I81: 30.8 | J81: 31.7 | K81: 30.5 | L81: 28.3 | M81: 26.2 | N81: =AVERAGE(B81:M81) -> 31.266667
A82: 1996/97 | B82: 25 | C82: 30 | D82: 33.1 | E82: 37.1 | F82: 33.4 | G82: 33.7 | H82: 31.5 | I82: 32.6 | J82: 31.5 | K82: 31 | L82: 27.7 | M82: 27.3 | N82: =AVERAGE(B82:M82) -> 31.158333
A83: 1997/98 | B83: 26.1 | C83: 30.4 | D83: 32.9 | E83: 33.9 | F83: 36.1 | G83: 36.4 | H83: 32.8 | I83: 34.9 | J83: 34.6 | K83: 32.9 | L83: 29.7 | M83: 27.7 | N83: =AVERAGE(B83:M83) -> 32.366667
A84: 1998/99 | B84: 26.9 | C84: 28.1 | D84: 33.2 | E84: 36 | F84: 33.9 | G84: 31.6 | H84: 32.6 | I84: 33.6 | J84: 32.7 | K84: 32.2 | L84: 30 | M84: 27.1 | N84: =AVERAGE(B84:M84) -> 31.491667
A85: 1999/00 | B85: 25.7 | C85: 29 | D85: 31.7 | E85: 34.4 | F85: 35 | G85: 32.4 | H85: 29.2 | I85: 29.7 | J85: 30.8 | K85: 29.8 | L85: 27.4 | M85: 25 | N85: =AVERAGE(B85:M85) -> 30.008333
A86: 2000/01 | B86: 24.8 | C86: 28 | D86: 33.1 | E86: 35.5 | F86: 35 | G86: 32.6 | H86: 35.7 | I86: 30.9 | J86: 30.4 | K86: 30.8 | L86: 27.8 | M86: 26.4 | N86: =AVERAGE(B86:M86) -> 30.916667
A87: 2001/02 | B87: 24.9 | C87: 29.9 | D87: 33.6 | E87: 35.5 | F87: 31.9 | G87: 33.5 | H87: 34.8 | I87: 34.2 | J87: 34.9 | K87: 32.5 | L87: 29.9 | M87: 25.2 | N87: =AVERAGE(B87:M87) -> 31.733333
A88: 2002/03 | B88: 28 | C88: 29.6 | D88: 32.5 | E88: 35.3 | F88: 34.6 | G88: 34.4 | H88: 35.4 | I88: 33.6 | J88: 34.5 | K88: 32.4 | L88: 29.1 | M88: 25.7 | N88: =AVERAGE(B88:M88) -> 32.091667
A89: 2003/04 | B89: 25.7 | C89: 28.6 | D89: 33.9 | E89: 36.1 | F89: 35.9 | G89: 34 | H89: 32.7 | I89: 32 | J89: 29.4 | K89: 30.4 | L89: 27.9 | M89: 24.9 | N89: =AVERAGE(B89:M89) -> 30.958333
A90: 2004/05 | B90: 25.1 | C90: 30 | D90: 32.2 | E90: 35.1 | F90: 36.4 | G90: 33.9 | H90: 34.4 | I90: 34.4 | J90: 32.6 | K90: 32.1 | L90: 30.7 | M90: 28.9 | N90: =AVERAGE(B90:M90) -> 32.15
... A104: 2018/19 | B104: 24.4 | C104: 30.7 | D104: 33.8 | E104: 34.3 | F104: 35.4 | G104: 35 | H104: 33.3 | I104: 32.4 | J104: 35.7 | K104: 32 | L104: 29.8 | M104: 26.4 | N104: =AVERAGE(B104:M104) -> 31.933333
A105: 2019/20 | B105: 27.4 | C105: 30.3 | D105: 31.8 | E105: 36.2 | F105: 35.1 | G105: 33.9 | H105: 32.8 | I105: 32.125 | J105: .9.8 | K105: 29.962963 | L105: 28.1 | M105: 24.8 | N105: =AVERAGE(B105:M105) -> 31.135269
A106: 2020/21 | B106: 24.6 | C106: 28.7 | D106: 33 | E106: 36.4 | F106: 32.3 | G106: 31.3 | H106: 29.4 | I106: 28.8 | J106: 30.6 | K106: 30.4 | L106: 27.8 | M106: 24.8 | N106: =AVERAGE(B106:M106) -> 29.841667
A107: 2021/22 | B107: 24.4 | C107: 29.9 | D107: 34 | E107: 33.9 | F107: =AVERAGE(F76:F103) -> 34.423396 | G107: 31.6 | H107: 29.3 | I107: 32.2 | J107: 29.1 | K107: 29.6 | L107: 27.6 | M107: 24.3 | N107: =AVERAGE(B107:M107) -> 30.02695
A108: 2022/23 | B108: 26.045161 | C108: 29.925806 | D108: 33.242857 | E108: 35.321739 | F108: 32.64 | G108: 33.241935 | H108: 32.3 | I108: 29.2 | J108: 321 | K108: 32.8 | L108: 31.1 | M108: 28.8 | N108: =AVERAGE(B108:M108) -> 55.468125
A109: 2023/24 | B109: 25.7 | C109: 29.5 | D109: 34.3 | E109: 37.5 | F109: 36 | G109: 32.8 | H109: 32.7 | I109: 34.1 | J109: 35.5 | K109: 31.6 | L109: 29.9 | M109: 25.3 | N109: =AVERAGE(B109:M109) -> 32.075
A110: MONTHLY AVE | B110: =AVERAGE(B79:B109) -> 25.7003 | C110: =AVERAGE(C79:C109) -> 29.408867 | D110: =AVERAGE(D79:D109) -> 33.247412 | E110: =AVERAGE(E79:E109) -> 35.46327 | F110: =AVERAGE(F79:F109) -> 34.401558 | G110: =AVERAGE(G79:G109) -> 33.032637 | H110: =AVERAGE(H79:H109) -> 32.196105 | I110: =AVERAGE(I79:I109) -> 32.126613 | ... M110: =AVERAGE(M79:M109) -> 26.16129
A113: Station: Francistown
A114: Mean Monthly Maximum temperatures
B115: Jul | C115: Aug | D115: Sep | E115: Oct | F115: Nov | G115: Dec | H115: Jan | I115: Feb | J115: Mar | K115: Apr | L115: May | M115: Jun | N115: Annual Av.
A116: 1993/94 | B116: 23.4 | C116: 26.1 | D116: 30.7 | E116: 33.3 | F116: 29.5 | G116: 31.6 | H116: 30 | I116: 29.3 | J116: 32.5 | K116: 30.1 | L116: 27.3 | M116: 23.6 | N116: =AVERAGE(B116:M116) -> 28.95
A117: 1994/95 | B117: 22 | C117: 26 | D117: 30.7 | E117: 30.1 | F117: 33.7 | G117: 33.1 | H117: 32.8 | I117: 31.8 | J117: 30 | K117: 28.2 | L117: 23.6 | M117: 22.7 | N117: =AVERAGE(B117:M117) -> 28.725
A118: 1995/96 | B118: 23.8 | C118: 27.2 | D118: 31.2 | E118: 34.9 | F118: 32.9 | G118: 29.6 | H118: 28.9 | I118: 27.7 | J118: 28.7 | K118: 27.2 | L118: 25.3 | M118: 23.8 | N118: =AVERAGE(B118:M118) -> 28.433333
A119: 1996/97 | B119: 23 | C119: 26.9 | D119: 31 | E119: 33.6 | F119: 30.4 | G119: 31.8 | H119: 29.6 | I119: 30 | J119: 29.1 | K119: 28.2 | L119: 25.5 | M119: 25.8 | N119: =AVERAGE(B119:M119) -> 28.741667
A120: 1997/98 | B120: 23 | C120: 28.1 | D120: 29.1 | E120: 30.5 | F120: 32.5 | G120: 32.9 | H120: 29.5 | I120: 30.2 | J120: 32.3 | K120: 30.8 | L120: 28.1 | M120: 25.4 | N120: =AVERAGE(B120:M120) -> 29.366667
A121: 1998/99 | B121: 24.9 | C121: 25.7 | D121: 30.8 | E121: 31.6 | F121: 30.1 | G121: 29.3 | H121: 30 | I121: 29.7 | J121: 29.5 | K121: 29.6 | L121: 28 | M121: 25.1 | N121: =AVERAGE(B121:M121) -> 28.691667
A122: 1999/00 | B122: 23.2 | C122: 26.3 | D122: 28.6 | E122: 30.7 | F122: 31.2 | G122: 30.2 | H122: 27.9 | I122: 27.7 | J122: 28.5 | K122: 26.4 | L122: 24.7 | M122: 22 | N122: =AVERAGE(B122:M122) -> 27.283333
A123: 2000/01 | B123: 21.4 | C123: 25.4 | D123: 30 | E123: 31.7 | F123: 31.5 | G123: 31.2 | H123: 33.8 | I123: 27.7 | J123: 27 | K123: 29 | L123: 26.2 | M123: 23.9 | N123: =AVERAGE(B123:M123) -> 28.233333
A124: 2001/02 | B124: 22.6 | C124: 29.3 | D124: 31.1 | E124: 32.5 | F124: 30.1 | G124: 30.5 | H124: 33.5 | I124: 33.3 | J124: 32.9 | K124: 29.8 | L124: 27.4 | M124: 22.8 | N124: =AVERAGE(B124:M124) -> 29.65
A125: 2002/03 | B125: 25.6 | C125: 27.4 | D125: 28.6 | E125: 31.7 | F125: 31.3 | G125: 32.6 | H125: 34.1 | I125: 32.5 | J125: 30.8 | K125: 30.3 | L125: 26.8 | M125: 21.8 | N125: =AVERAGE(B125:M125) -> 29.458333
A126: 2003/04 | B126: 23.1 | C126: 26.6 | D126: 30.7 | E126: 31.9 | F126: 32.4 | G126: 32.9 | H126: 31.8 | I126: 30.4 | J126: 26.6 | K126: 27.2 | L126: 25.1 | M126: 22.6 | N126: =AVERAGE(B126:M126) -> 28.441667
A127: 2004/05 | B127: 23.2 | C127: 28.2 | D127: 30 | E127: 32.1 | F127: 35.1 | G127: 31.1 | H127: 32.5 | I127: 33.1 | J127: 31.2 | K127: 29.6 | L127: 28.6 | M127: 26.9 | N127: =AVERAGE(B127:M127) -> 30.133333
... A142: 2019/20 | B142: 25.9 | C142: 29.2 | D142: 29.9 | E142: 34.2 | F142: 34.8 | G142: 33.6 | H142: 32.7 | I142: 30.3 | J142: 29.3 | K142: 30.3 | L142: 26.73871 | M142: 23 | N142: =AVERAGE(B142:M142) -> 29.994892
A143: 2020/21 | B143: =AVERAGE(B112:B137) -> 23.509091 | C143: =AVERAGE(C112:C137) -> 27.040909 | D143: =AVERAGE(D112:D137) -> 30.677273 | E143: =AVERAGE(E112:E137) -> 32.431818 | F143: =AVERAGE(F112:F137) -> 31.955909 | G143: =AVERAGE(G112:G137) -> 30.886364 | H143: 39 | I143: 28.7 | J143: 29.6 | K143: 29.4 | L143: 26.5 | M143: 23.7 | N143: =AVERAGE(B143:M143) -> 29.450114
A144: 2021/22 | B144: 23.2 | C144: 28.5 | D144: 31.4 | E144: 31.4 | F144: 36 | G144: 32.9 | H144: 29 | I144: 31.1 | J144: 29.7 | K144: 27.7 | L144: 26.9 | M144: 22.5 | N144: =AVERAGE(B144:M144) -> 29.191667
A145: 2022/23 | B145: 24.6 | C145: 28.7 | D145: 31.4 | E145: 32.6 | F145: 32.6 | G145: 31.4 | H145: 30.8 | I145: 32.7 | J145: 30.6 | K145: 31.7 | L145: 30.4 | M145: 24.3 | N145: =AVERAGE(B145:M145) -> 30.15
A146: 2023/24 | B146: 23.9 | C146: 27.7 | D146: 33.8 | E146: 34.3 | F146: 34.6 | G146: 32.4 | H146: 29.7 | I146: 30.7 | J146: 34.1 | K146: 29.3 | L146: 29.2 | M146: 23.8 | N146: =AVERAGE(B146:M146) -> 30.291667
A147: MONTHLY AVE | B147: =AVERAGE(B116:B146) -> 23.683274 | C147: =AVERAGE(C116:C146) -> 27.387248 | D147: =AVERAGE(D116:D146) -> 30.838939 | E147: =AVERAGE(E116:E146) -> 32.552417 | F147: =AVERAGE(F116:F146) -> 32.362688 | G147: =AVERAGE(G116:G146) -> 31.364076 | H147: =AVERAGE(H116:H146) -> 31.216129 | I147: =AVERAGE(I116:I146) -> 30.748114 | ... M147: =AVERAGE(M116:M146) -> 24.206452
A150: Station: Sir Seretse Khama Airport (SSKA)
A151: Mean Monthly Maximum temperatures
B152: Jul | C152: Aug | D152: Sep | E152: Oct | F152: Nov | G152: Dec | H152: Jan | I152: Feb | J152: Mar | K152: Apr | L152: May | M152: Jun | N152: Annual Av.
A153: 1993/94 | B153: 23.470968 | C153: 24.9 | D153: 31.636667 | E153: 29.658065 | F153: 30.403333 | G153: 32.467742 | H153: 29.112903 | I153: 29.214286 | J153: 31.935484 | K153: 29.073333 | L153: 26.241935 | M153: 21.906667 | N153: =AVERAGE(B153:M153) -> 28.335115
A154: 1994/95 | B154: 21.035484 | C154: 24.751613 | D154: 30.003333 | E154: 30.751613 | F154: 32.576667 | G154: 34.412903 | H154: 33.964516 | I154: 33.332143 | J154: 29.93871 | K154: 27.713333 | L154: 22.893548 | M154: 22.28 | N154: =AVERAGE(B154:M154) -> 28.637822
A155: 1995/96 | B155: 22.93871 | C155: 25.835484 | D155: 30.57 | E155: 32.63871 | F155: 32.456667 | G155: 29.729032 | H155: 30.1 | I155: 28.731034 | J155: 29.36129 | K155: 26.016667 | L155: 23.72 | M155: 22.91 | N155: =AVERAGE(B155:M155) -> 27.917299
A156: 1996/97 | B156: 21.283871 | C156: 25.054839 | D156: 29.6 | E156: 32.564516 | F156: 30.113333 | G156: 31.63871 | H156: 30.006452 | I156: 32.071429 | J156: 27.587097 | K156: 25.323333 | L156: 22.775862 | M156: 22.66 | N156: =AVERAGE(B156:M156) -> 27.55662
A157: 1997/98 | B157: 22.016129 | C157: 26.112903 | D157: 27.51 | E157: 30.535484 | F157: 31.82 | G157: 33.616129 | H157: 31.203226 | I157: 33.232143 | J157: 32.693548 | K157: 30.52 | L157: 26.470968 | M157: 25.023333 | N157: =AVERAGE(B157:M157) -> 29.229489
A158: 1998/99 | B158: 23.467742 | C158: 25.006452 | D158: 30.176667 | E158: 30.035484 | F158: 31.096667 | G158: 30.287097 | H158: 32.067742 | I158: 33.110714 | J158: 31.841935 | K158: 29.33 | L158: 25.558065 | M158: 23.47 | N158: =AVERAGE(B158:M158) -> 28.78738
A159: 1999/00 | B159: 22.493548 | C159: 25.687097 | D159: 27.83 | E159: 30.383871 | F159: 32.81 | G159: 29.848387 | H159: 28.041935 | I159: 27.782759 | J159: 28.045161 | K159: 25.126667 | L159: 22.829032 | M159: 21.163333 | N159: =AVERAGE(B159:M159) -> 26.836816
A160: 2000/01 | B160: 21.254839 | C160: 25.809677 | D160: 28.72 | E160: 30.974194 | F160: 33.08 | G160: 29.848387 | H160: 34.283871 | I160: 30.207143 | J160: 28.2 | K160: 25.816667 | L160: 23.419355 | M160: 21.83 | N160: =AVERAGE(B160:M160) -> 27.787011
A161: 2001/02 | B161: 21.064516 | C161: 26.06129 | D161: 27.486667 | E161: 30.622581 | F161: 27.446667 | G161: 30.435484 | H161: 31.719355 | I161: 29.4 | J161: 31.803226 | K161: 29.94 | L161: 26.332258 | M161: 21.306667 | N161: =AVERAGE(B161:M161) -> 27.801559
A162: 2002/03 | B162: 23.132258 | C162: 25.922581 | D162: 28.393333 | E162: 31.851613 | F162: 32.12 | G162: 31.629032 | H162: 34.270968 | I162: 32.989286 | J162: 32.6 | K162: 31.126667 | L162: 25.670968 | M162: 21.57 | N162: =AVERAGE(B162:M162) -> 29.273059
A163: 2003/04 | B163: 22.790323 | C163: 24.6 | D163: 29.63 | E163: 31.690323 | F163: 31.173333 | G163: 34.374194 | H163: 31.780645 | I163: 29.858621 | J163: 27.874194 | K163: 26.54 | L163: 25.748387 | M163: 21.536667 | N163: =AVERAGE(B163:M163) -> 28.133057
A164: 2004/05 | B164: 21.512903 | C164: 26.667742 | D164: 28.05 | E164: 31.770968 | F164: 33.4 | G164: 31.890323 | H164: 33.190323 | I164: 33.517857 | J164: 31.180645 | K164: 26.206667 | L164: 26.532258 | M164: 25.306667 | N164: =AVERAGE(B164:M164) -> 29.102196
... A179: 2019/20 | B179: 24 | C179: 28.4 | D179: 29.5 | E179: 34.1 | F179: 33 | G179: 30.7 | H179: 33.6 | I179: 32.2 | J179: 34.3 | K179: 27.4 | L179: 26.4 | M179: 23.6 | N179: =AVERAGE(B179:M179) -> 29.766667
A180: 2020/21 | B180: 22.4 | C180: =AVERAGE(C150:C174) -> 25.484751 | D180: =AVERAGE(D150:D174) -> 29.594848 | E180: =AVERAGE(E150:E174) -> 31.290909 | F180: =AVERAGE(F150:F174) -> 31.616818 | G180: 31.8 | H180: 30.3 | I180: 28.4 | J180: 29.5 | K180: 29.1 | L180: 25.3 | M180: 22.1 | N180: =AVERAGE(B180:M180) -> 28.073944
A181: 2021/22 | B181: 21.5 | C181: 26.2 | D181: 30 | E181: 29.8 | F181: 35.7 | G181: 29.6 | H181: 30.1 | I181: 33 | J181: 28.9 | K181: 26.8 | L181: 23.9 | M181: 20.8 | N181: =AVERAGE(B181:M181) -> 28.025
A182: 2022/23 | B182: 23.2 | C182: 26.4 | D182: 30.3 | E182: 33.3 | F182: 27.5 | G182: 29.8 | H182: 32.6 | I182: 29.7 | J182: 30 | K182: 29.7 | L182: 26 | M182: 25 | N182: =AVERAGE(B182:M182) -> 28.625
...

Sheet HAZARD INPUT TEMP
A1: Station | B1: Year | C1: Annual_mean_max_C | D1: Months_present | E1: Scenario
A2: Sir Seretse Khama Airport | B2: 1993/94 | C2: =MAX!N153 -> 28.335115 | D2: 12 | E2: Historical
A3: Sir Seretse Khama Airport | B3: 1994/95 | C3: =MAX!N154 -> 28.637822 | D3: 12 | E3: Historical
A4: Sir Seretse Khama Airport | B4: 1995/96 | C4: =MAX!N155 -> 27.917299 | D4: 12 | E4: Historical
A5: Sir Seretse Khama Airport | B5: 1996/97 | C5: =MAX!N156 -> 27.55662 | D5: 12 | E5: Historical
A6: Sir Seretse Khama Airport | B6: 1997/98 | C6: =MAX!N157 -> 29.229489 | D6: 12 | E6: Historical
A7: Sir Seretse Khama Airport | B7: 1998/99 | C7: =MAX!N158 -> 28.78738 | D7: 12 | E7: Historical
A8: Sir Seretse Khama Airport | B8: 1999/00 | C8: =MAX!N159 -> 26.836816 | D8: 12 | E8: Historical
A9: Sir Seretse Khama Airport | B9: 2000/01 | C9: =MAX!N160 -> 27.787011 | D9: 12 | E9: Historical
A10: Sir Seretse Khama Airport | B10: 2001/02 | C10: =MAX!N161 -> 27.801559 | D10: 12 | E10: Historical
A11: Sir Seretse Khama Airport | B11: 2002/03 | C11: =MAX!N162 -> 29.273059 | D11: 12 | E11: Historical
A12: Sir Seretse Khama Airport | B12: 2003/04 | C12: =MAX!N163 -> 28.133057 | D12: 12 | E12: Historical
A13: Sir Seretse Khama Airport | B13: 2004/05 | C13: =MAX!N164 -> 29.102196 | D13: 12 | E13: Historical
... A32: Sir Seretse Khama Airport | B32: 2023/24 | C32: =MAX!N183 -> 29.75 | D32: 12 | E32: Historical

Sheet HAZARD INPUT RAINFALL
A1: Station | B1: Year | C1: Annual_total_mm | D1: Months_present | E1: Scenario
A2: Sir Seretse Khama Airport | B2: 1993/94 | C2: 488.7 | D2: 12 | E2: Historical
A3: Sir Seretse Khama Airport | B3: 1994/95 | C3: 366.7 | D3: 12 | E3: Historical
A4: Sir Seretse Khama Airport | B4: 1995/96 | C4: 636.8 | D4: 12 | E4: Historical
A5: Sir Seretse Khama Airport | B5: 1996/97 | C5: 731.1 | D5: 12 | E5: Historical
A6: Sir Seretse Khama Airport | B6: 1997/98 | C6: 454.7 | D6: 12 | E6: Historical
A7: Sir Seretse Khama Airport | B7: 1998/99 | C7: 303.9 | D7: 12 | E7: Historical
A8: Sir Seretse Khama Airport | B8: 1999/00 | C8: 853.1 | D8: 12 | E8: Historical
A9: Sir Seretse Khama Airport | B9: 2000/01 | C9: 567 | D9: 12 | E9: Historical
A10: Sir Seretse Khama Airport | B10: 2001/02 | C10: 639.6 | D10: 12 | E10: Historical
A11: Sir Seretse Khama Airport | B11: 2002/03 | C11: 361.4 | D11: 12 | E11: Historical
A12: Sir Seretse Khama Airport | B12: 2003/04 | C12: 475.6 | D12: 12 | E12: Historical
A13: Sir Seretse Khama Airport | B13: 2004/05 | C13: 357.3 | D13: 12 | E13: Historical
... A33: Sir Seretse Khama Airport | B33: 2024/25 | C33: 462.8 | D33: 12 | E33: Historical

Sheet MIN
A1: Station: Gantsi
A2: Mean Monthly Minimum temperatures
B3: Jul | C3: Aug | D3: Sep | E3: Oct | F3: Nov | G3: Dec | H3: Jan | I3: Feb | J3: Mar | K3: Apr | L3: May | M3: Jun | N3: Annual Av.
A4: 1993/94 | B4: 6.4 | C4: 7.8 | D4: 11.2 | E4: 18.6 | F4: 18.1 | G4: 20 | H4: 19 | I4: 17.5 | J4: 17 | K4: 12.9 | L4: 6.9 | M4: 3.4 | N4: =AVERAGE(B4:M4) -> 13.233333
A5: 1994/95 | B5: 1.2 | C5: 5.6 | D5: 11.7 | E5: 14.5 | F5: 19.8 | G5: 20.6 | H5: 21.1 | I5: 19 | J5: 18.3 | K5: 14.4 | L5: 11.3 | M5: 5 | N5: =AVERAGE(B5:M5) -> 13.541667
A6: 1995/96 | B6: 5.4 | C6: 7.7 | D6: 13.7 | E6: 15.8 | F6: 18.5 | G6: 17.7 | H6: 19.3 | I6: 17.6 | J6: 15.4 | K6: 12.9 | L6: 9.7 | M6: 6.3 | N6: =AVERAGE(B6:M6) -> 13.333333
A7: 1996/97 | B7: 3.4 | C7: 6.3 | D7: 12 | E7: 18 | F7: 17.9 | G7: 19.5 | H7: 19.5 | I7: 18.5 | J7: 17.7 | K7: 12.5 | L7: 8.4 | M7: 5 | N7: =AVERAGE(B7:M7) -> 13.225
A8: 1997/98 | B8: 5.8 | C8: 7.9 | D8: 13.1 | E8: 16.2 | F8: 17.3 | G8: 20.6 | H8: 19.4 | I8: 19.5 | J8: 18.9 | K8: 15.4 | L8: 7.2 | M8: 5.1 | N8: =AVERAGE(B8:M8) -> 13.866667
A9: 1998/99 | B9: 5.9 | C9: 7.4 | D9: 13.5 | E9: 17.6 | F9: 19 | G9: 18.8 | H9: 18.6 | I9: 19.1 | J9: 17.9 | K9: 14.2 | L9: 11.4 | M9: 6.2 | N9: =AVERAGE(B9:M9) -> 14.133333
A10: 1999/00 | B10: 7 | C10: 7.7 | D10: 11 | E10: 15.1 | F10: 19.5 | G10: 19.1 | H10: 17.7 | I10: 18.5 | J10: 17.8 | K10: 13.2 | L10: 8 | M10: 6.4 | N10: =AVERAGE(B10:M10) -> 13.416667
A11: 2000/01 | B11: 4.7 | C11: 7.5 | D11: 11.8 | E11: 16.6 | F11: 15.8 | G11: 18.2 | H11: 18.8 | I11: 19 | J11: 17.3 | K11: 15.6 | L11: 8.4 | M11: 5.2 | N11: =AVERAGE(B11:M11) -> 13.241667
A12: 2001/02 | B12: 4 | C12: 8.1 | D12: 10.2 | E12: 16.6 | F12: 17.9 | G12: 18.4 | H12: 19.3 | I12: 18.4 | J12: 16.5 | K12: 13.8 | L12: 8.3 | M12: 3.5 | N12: =AVERAGE(B12:M12) -> 12.916667
A13: 2002/03 | B13: 4.1 | C13: 9.2 | D13: 10.7 | E13: 15.5 | F13: 16.9 | G13: 18.9 | H13: 19.2 | I13: 18.4 | J13: 16.3 | K13: 14.1 | L13: 8.2 | M13: 5.1 | N13: =AVERAGE(B13:M13) -> 13.05
A14: 2003/04 | B14: 3.8 | C14: 6.7 | D14: 13.3 | E14: 17.1 | F14: 19.5 | G14: 19.6 | H14: 19.5 | I14: 18.4 | J14: 17.8 | K14: 13.2 | L14: 7.8 | M14: 4 | N14: =AVERAGE(B14:M14) -> 13.391667
A15: 2004/05 | B15: 3.8 | C15: 9 | D15: 10.9 | E15: 15.4 | F15: 19.1 | G15: 20.1 | H15: 20.7 | I15: 19.6 | J15: 17.9 | K15: 15.6 | L15: 10.2 | M15: 8.2 | N15: =AVERAGE(B15:M15) -> 14.208333
... A34: 2023/24 | B34: 5.4 | C34: 9.1 | D34: 12.7 | E34: 17.7 | F34: 20.2 | G34: 20.3 | H34: 19.8 | I34: 21.7 | J34: 20.3 | K34: 13.9 | L34: 9.4 | M34: 5.6 | N34: =AVERAGE(B34:M34) -> 14.675
A35: Mnthly Av. | B35: =AVERAGE(B4:B34) -> 5.0282057 | C35: =AVERAGE(C4:C34) -> 8.1067939 | D35: =AVERAGE(D4:D34) -> 12.230164 | E35: =AVERAGE(E4:E34) -> 16.562521 | F35: =AVERAGE(F4:F34) -> 18.388419 | G35: =AVERAGE(G4:G34) -> 18.997493 | H35: =AVERAGE(H4:H34) -> 19.349343 | I35: =AVERAGE(I4:I34) -> 18.929823 | ... M35: =AVERAGE(M4:M34) -> 5.5734595
A37: Station: Shakawe
A38: Mean Monthly Minimum temperatures
B39: Jul | C39: Aug | D39: Sep | E39: Oct | F39: Nov | G39: Dec | H39: Jan | I39: Feb | J39: Mar | K39: Apr | L39: May | M39: Jun | N39: Annual Av.
A40: 1993/94 | B40: 7.3 | C40: 8.4 | D40: 10.5 | E40: 13.4 | F40: 18.7 | G40: 19.5 | H40: 20.3 | I40: 18.9 | J40: 16.5 | K40: 14.4 | L40: 8.1 | M40: 4.5 | N40: =AVERAGE(B40:M40) -> 13.375
A41: 1994/95 | B41: 3.1 | C41: 7.2 | D41: 11.7 | E41: 16.8 | F41: 20.4 | G41: 19.9 | H41: 20.4 | I41: 18.8 | J41: 18.2 | K41: 14.6 | L41: 13.3 | M41: 5.4 | N41: =AVERAGE(B41:M41) -> 14.15
A42: 1995/96 | B42: 5.7 | C42: 9.9 | D42: 14.3 | E42: 18.7 | F42: 19.8 | G42: 19.4 | H42: 20 | I42: 19.4 | J42: 17.5 | K42: 15.2 | L42: 11.3 | M42: 5.9 | N42: =AVERAGE(B42:M42) -> 14.758333
A43: 1996/97 | B43: 4.1 | C43: 8.7 | D43: 14 | E43: 19.6 | F43: 19.6 | G43: 20.1 | H43: 19.8 | I43: 19.1 | J43: 19.3 | K43: 13.1 | L43: 8.6 | M43: 5.8 | N43: =AVERAGE(B43:M43) -> 14.316667
A44: 1997/98 | B44: 7.3 | C44: 8.3 | D44: 15.1 | E44: 17.3 | F44: 19.5 | G44: 21 | H44: 20.6 | I44: 21.1 | J44: 20.4 | K44: 16.7 | L44: 8.6 | M44: 5 | N44: =AVERAGE(B44:M44) -> 15.075
A45: 1998/99 | B45: 7.4 | C45: 9.3 | D45: 14.4 | E45: 19.2 | F45: 19.6 | G45: 19.3 | H45: 19.2 | I45: 18.6 | J45: 18.4 | K45: 15.1 | L45: 11.5 | M45: 7.2 | N45: =AVERAGE(B45:M45) -> 14.933333
A46: 1999/00 | B46: 7.2 | C46: 8.4 | D46: 12 | E46: 17 | F46: 19 | G46: 19.5 | H46: 18.9 | I46: 19.5 | J46: 27.6 | K46: 14.2 | L46: 9.7 | M46: 7.7 | N46: =AVERAGE(B46:M46) -> 15.058333
A47: 2000/01 | B47: 5.8 | C47: 7.3 | D47: 13.6 | E47: 15.9 | F47: 17.3 | G47: 19.5 | H47: 18.8 | I47: 19.9 | J47: 18.3 | K47: 17.2 | L47: 11.2 | M47: 6.9 | N47: =AVERAGE(B47:M47) -> 14.308333
A48: 2001/02 | B48: 5.4 | C48: 10.1 | D48: 14.3 | E48: 16.5 | F48: 19.7 | G48: 19.4 | H48: 19.9 | I48: 19.4 | J48: 19.4 | K48: 15.5 | L48: 9.5 | M48: 6.8 | N48: =AVERAGE(B48:M48) -> 14.658333
A49: 2002/03 | B49: 6 | C49: 10.9 | D49: 13.1 | E49: 17.6 | F49: 19.2 | G49: 20.4 | H49: 20.5 | I49: 20.4 | J49: 19.4 | K49: 16.4 | L49: 10.5 | M49: 9.6 | N49: =AVERAGE(B49:M49) -> 15.333333
A50: 2003/04 | B50: 5.3 | C50: 7 | D50: 13.5 | E50: 17.1 | F50: 20 | G50: 20.3 | H50: 20.1 | I50: 20 | J50: 19.8 | K50: 15.8 | L50: 7.6 | M50: 5.7 | N50: =AVERAGE(B50:M50) -> 14.35
A51: 2004/05 | B51: 4.6 | C51: 9.6 | D51: 11.5 | E51: 15.9 | F51: 19.3 | G51: 19.6 | H51: 20.6 | I51: 20.2 | J51: 19.9 | K51: 16.8 | L51: 11.7 | M51: 7.4 | N51: =AVERAGE(B51:M51) -> 14.758333
... A70: 2023/24 | B70: 5.8 | C70: 9 | D70: 13.4 | E70: 19.4 | F70: 20.9 | G70: 20.9 | H70: 19.2 | I70: 19.8 | J70: 18.9 | K70: 13.9 | L70: 9.4 | M70: 6.2 | N70: =AVERAGE(B70:M70) -> 14.733333
A71: Mnthly Av. | B71: =AVERAGE(B40:B70) -> 5.6 | C71: =AVERAGE(C40:C70) -> 8.2677419 | D71: =AVERAGE(D40:D70) -> 12.575118 | E71: =AVERAGE(E40:E70) -> 17.390323 | F71: =AVERAGE(F40:F70) -> 19.264516 | G71: =AVERAGE(G40:G70) -> 19.496762 | H71: =AVERAGE(H40:H70) -> 19.866519 | I71: =AVERAGE(I40:I70) -> 19.548387 | ... M71: =AVERAGE(M40:M70) -> 6.1322581
A73: Station: Maun
A74: Mean Monthly Minimum temperatures
B75: Jul | C75: Aug | D75: Sep | E75: Oct | F75: Nov | G75: Dec | H75: Jan | I75: Feb | J75: Mar | K75: Apr | L75: May | M75: Jun | N75: Annual Av.
A76: 1993/94 | B76: 10.2 | C76: 10.9 | D76: 14.8 | E76: 21.3 | F76: 20.8 | G76: 20.8 | H76: 20 | I76: 18.9 | J76: 18.3 | K76: 15.5 | L76: 10.4 | M76: 6.9 | N76: =AVERAGE(B76:M76) -> 15.733333
A77: 1994/95 | B77: 5.1 | C77: 9.8 | D77: 15.3 | E77: 18 | F77: 21.7 | G77: 21.4 | H77: 22.2 | I77: 21 | J77: 21 | K77: 16.7 | L77: 14.5 | M77: 8.7 | N77: =AVERAGE(B77:M77) -> 16.283333
A78: 1995/96 | B78: 9.3 | C78: 13.1 | D78: 17.2 | E78: 20.6 | F78: 22.2 | G78: 19.9 | H78: 20.6 | I78: 19.4 | J78: 17 | K78: 14.5 | L78: 11.3 | M78: 8.1 | N78: =AVERAGE(B78:M78) -> 16.1
A79: 1996/97 | B79: 5.7 | C79: 10.5 | D79: 15.6 | E79: 20.6 | F79: 20.3 | G79: 20.9 | H79: 20.3 | I79: 19.7 | J79: 19.6 | K79: 14.1 | L79: 10.1 | M79: 7.6 | N79: =AVERAGE(B79:M79) -> 15.416667
A80: 1997/98 | B80: 8.6 | C80: 11.3 | D80: 16.9 | E80: 19.1 | F80: 21.2 | G80: 22.7 | H80: 21.4 | I80: 21.1 | J80: 20.8 | K80: 17.4 | L80: 10.4 | M80: 7.5 | N80: =AVERAGE(B80:M80) -> 16.533333
A81: 1998/99 | B81: 9.3 | C81: 11.2 | D81: 16.5 | E81: 21 | F81: 20.9 | G81: 20 | H81: 20.3 | I81: 19.7 | J81: 19.8 | K81: 16.2 | L81: 13.8 | M81: 10 | N81: =AVERAGE(B81:M81) -> 16.558333
A82: 1999/00 | B82: 9.5 | C82: 11.6 | D82: 14.6 | E82: 18.8 | F82: 21 | G82: 19.9 | H82: 19.3 | I82: 20.2 | J82: 19.5 | K82: 15.4 | L82: 11 | M82: 10.1 | N82: =AVERAGE(B82:M82) -> 15.908333
A83: 2000/01 | B83: 8 | C83: 10.7 | D83: 15.8 | E83: 19.8 | F83: 19.8 | G83: 20.4 | H83: 21 | I83: 19.6 | J83: 18.8 | K83: 17.2 | L83: 11.9 | M83: 9.2 | N83: =AVERAGE(B83:M83) -> 16.016667
A84: 2001/02 | B84: 8 | C84: 12.8 | D84: 16 | E84: 19.9 | F84: 20.5 | G84: 20.6 | H84: 21.7 | I84: 21 | J84: 20.4 | K84: 17 | L84: 11.8 | M84: 9.1 | N84: =AVERAGE(B84:M84) -> 16.566667
A85: 2002/03 | B85: 8.7 | C85: 13.4 | D85: 15.8 | E85: 19.7 | F85: 20.6 | G85: 21.3 | H85: 21.6 | I85: 21.5 | J85: 19.7 | K85: 18.1 | L85: 12.8 | M85: 11.2 | N85: =AVERAGE(B85:M85) -> 17.033333
A86: 2003/04 | B86: 8.5 | C86: 10.4 | D86: 16.9 | E86: 19.5 | F86: 22.1 | G86: 22.2 | H86: 21 | I86: 20.7 | J86: 19.4 | K86: 16.6 | L86: 10.6 | M86: 9.2 | N86: =AVERAGE(B86:M86) -> 16.425
A87: 2004/05 | B87: 7.2 | C87: 12.2 | D87: 13.9 | E87: 18.7 | F87: 20.6 | G87: 20.8 | H87: 21.3 | I87: 20.7 | J87: 19.8 | K87: 16.4 | L87: 14.1 | M87: 11.3 | N87: =AVERAGE(B87:M87) -> 16.416667
... A106: 2023/24 | B106: 8.8 | C106: 11.5 | D106: 15.6 | E106: 21.7 | F106: 22.6 | G106: 21.6 | H106: 20.9 | I106: 18.4 | J106: 21.3 | K106: 17.9 | L106: 13.6 | M106: 14.4 | N106: =AVERAGE(B106:M106) -> 17.358333
A107: Mnthly Av. | B107: =AVERAGE(B76:B106) -> 8.7544225 | C107: =AVERAGE(C76:C106) -> 11.569199 | D107: =AVERAGE(D76:D106) -> 16.011749 | E107: =AVERAGE(E76:E106) -> 20.128471 | F107: =AVERAGE(F76:F106) -> 20.995914 | G107: =AVERAGE(G76:G106) -> 20.574298 | H107: =AVERAGE(H76:H106) -> 20.66064 | I107: =AVERAGE(I76:I106) -> 20.08564 | ... M107: =AVERAGE(M76:M106) -> 9.4290323
A109: Station: Francistown
A110: Mean Monthly Minimum temperatures
B111: Jul | C111: Aug | D111: Sep | E111: Oct | F111: Nov | G111: Dec | H111: Jan | I111: Feb | J111: Mar | K111: Apr | L111: May | M111: Jun | N111: Annual Av.
A112: 1993/94 | B112: 8.7 | C112: 9 | D112: 12.4 | E112: 18.9 | F112: 18.7 | G112: 19.4 | H112: 18.4 | I112: 16.3 | J112: 17 | K112: 13.5 | L112: 7.9 | M112: 4 | N112: =AVERAGE(B112:M112) -> 13.683333
A113: 1994/95 | B113: 3.2 | C113: 7.5 | D113: 11.5 | E113: 15.2 | F113: 18.7 | G113: 18.7 | H113: 19.4 | I113: 18.6 | J113: 17.3 | K113: 13.6 | L113: 12.3 | M113: 5.1 | N113: =AVERAGE(B113:M113) -> 13.425
A114: 1995/96 | B114: 5.4 | C114: 9.5 | D114: 13.4 | E114: 18.3 | F114: 18 | G114: 17.4 | H114: 17.7 | I114: 17 | J114: 14.6 | K114: 11.1 | L114: 8.7 | M114: 4.5 | N114: =AVERAGE(B114:M114) -> 12.966667
A115: 1996/97 | B115: 3.4 | C115: 9.4 | D115: 12.7 | E115: 17.4 | F115: 18.1 | G115: 18.7 | H115: 19.4 | I115: 17.6 | J115: 17.9 | K115: 11.9 | L115: 7.6 | M115: 5.3 | N115: =AVERAGE(B115:M115) -> 13.283333
A116: 1997/98 | B116: 6.6 | C116: 7.3 | D116: 14.2 | E116: 15.6 | F116: 18.4 | G116: 19.3 | H116: 19.3 | I116: 18.1 | J116: 18 | K116: 14.7 | L116: 7.2 | M116: 3 | N116: =AVERAGE(B116:M116) -> 13.475
A117: 1998/99 | B117: 5.9 | C117: 8.2 | D117: 12.8 | E117: 17.2 | F117: 17.5 | G117: 18.2 | H117: 18.4 | I117: 17.7 | J117: 17.6 | K117: 14.4 | L117: 10.2 | M117: 6.3 | N117: =AVERAGE(B117:M117) -> 13.7
A118: 1999/00 | B118: 7 | C118: 8.8 | D118: 11.8 | E118: 15.4 | F118: 18.2 | G118: 18.2 | H118: 17.5 | I118: 18.4 | J118: 17.7 | K118: 13.1 | L118: 6.4 | M118: 7.4 | N118: =AVERAGE(B118:M118) -> 13.325
A119: 2000/01 | B119: 4.4 | C119: 6.4 | D119: 12.6 | E119: 15.7 | F119: 16.8 | G119: 17.4 | H119: 18.1 | I119: 18.6 | J119: 16.5 | K119: 14.3 | L119: 7.8 | M119: 4.5 | N119: =AVERAGE(B119:M119) -> 12.758333
A120: 2001/02 | B120: 4.3 | C120: 8.5 | D120: 13.9 | E120: 16.4 | F120: 18.3 | G120: 18.6 | H120: 18.5 | I120: 18.1 | J120: 18.4 | K120: 13.4 | L120: 7.4 | M120: 6.3 | N120: =AVERAGE(B120:M120) -> 13.508333
A121: 2002/03 | B121: 4.4 | C121: 10 | D121: 12.4 | E121: 16.3 | F121: 17 | G121: 19.8 | H121: 20.3 | I121: 20.3 | J121: 17 | K121: 14.4 | L121: 9.7 | M121: 9.3 | N121: =AVERAGE(B121:M121) -> 14.241667
A122: 2003/04 | B122: 5.6 | C122: 7.6 | D122: 13 | E122: 16.1 | F122: 18.8 | G122: 18.7 | H122: 19.6 | I122: 19.5 | J122: 18 | K122: 14.7 | L122: 6.5 | M122: 5.9 | N122: =AVERAGE(B122:M122) -> 13.666667
A123: 2004/05 | B123: 3.9 | C123: 8.6 | D123: 12.2 | E123: 16.7 | F123: 19.8 | G123: 19.3 | H123: 20.3 | I123: 19.1 | J123: 18 | K123: 15.2 | L123: 9.9 | M123: 7.8 | N123: =AVERAGE(B123:M123) -> 14.233333
... A142: 2023/24 | B142: 4.8 | C142: 7.7 | D142: 11.4 | E142: 15.5 | F142: 18.1 | G142: 18.9 | H142: 18.5 | I142: 18.3 | J142: 17.9 | K142: 13.7 | L142: 7.1 | M142: 5.1 | N142: =AVERAGE(B142:M142) -> 13.083333
A143: Mnthly Av. | B143: =AVERAGE(B112:B142) -> 4.7938172 | C143: =AVERAGE(C112:C142) -> 7.6909677 | D143: =AVERAGE(D112:D142) -> 12.313752 | E143: =AVERAGE(E112:E142) -> 16.530161 | F143: =AVERAGE(F112:F142) -> 18.227957 | G143: =AVERAGE(G112:G142) -> 18.386237 | H143: =AVERAGE(H112:H142) -> 19.007675 | I143: =AVERAGE(I112:I142) -> 18.341935 | ... M143: =AVERAGE(M112:M142) -> 5
A145: Station: Sir Seretse Khama Airport (SSKA)
A146: Mean Monthly Minimum temperatures
B147: Jul | C147: Aug | D147: Sep | E147: Oct | F147: Nov | G147: Dec | H147: Jan | I147: Feb | J147: Mar | K147: Apr | L147: May | M147: Jun | N147: Annual Av.
A148: 1993/94 | B148: 7 | C148: 7.8322581 | D148: 13.076667 | E148: 17.955172 | F148: 17.763333 | G148: 19.832258 | H148: 16.374194 | I148: 18.292857 | J148: 20.072414 | K148: 13.17 | L148: 5.9392857 | M148: 3.1928571 | N148: =AVERAGE(B148:M148) -> 13.375108
A149: 1994/95 | B149: 1.5166667 | C149: 5.8740741 | D149: 11.777778 | E149: 14.954839 | F149: 19.253333 | G149: 19.270833 | H149: 21.176667 | I149: 20.384 | J149: 18.246429 | K149: 13.640741 | L149: 10.048387 | M149: 3.6321429 | N149: =AVERAGE(B149:M149) -> 13.314657
A150: 1995/96 | B150: 5.0433333 | C150: 8.716129 | D150: 13.965517 | E150: 16.196667 | F150: 18.392593 | G150: 16.625806 | H150: 19.541935 | I150: 18.182759 | J150: 14.851613 | K150: 12.16 | L150: 8.383871 | M150: 4.3766667 | N150: =AVERAGE(B150:M150) -> 13.036407
A151: 1996/97 | B151: 2.4032258 | C151: 6.6225806 | D151: 10.973333 | E151: 17.148387 | F151: 17.073333 | G151: 18.506452 | H151: 18.958065 | I151: 18.773077 | J151: 16.909677 | K151: 10.583333 | L151: 6.5064516 | M151: 2.6633333 | N151: =AVERAGE(B151:M151) -> 12.260104
A152: 1997/98 | B152: 3.8096774 | C152: 6.5225806 | D152: 12.42 | E152: 15.009677 | F152: 16.25 | G152: 18.980645 | H152: 18.722581 | I152: 18.914286 | J152: 18.148387 | K152: 13.893333 | L152: 6.2903226 | M152: 2.9033333 | N152: =AVERAGE(B152:M152) -> 12.655402
A153: 1998/99 | B153: 3.9903226 | C153: 6.3774194 | D153: 12.566667 | E153: 15.890323 | F153: 17.413333 | G153: 18.045161 | H153: 18.558065 | I153: 19.242857 | J153: 18.123333 | K153: 14.676667 | L153: 10.467742 | M153: 5.6566667 | N153: =AVERAGE(B153:M153) -> 13.41738
A154: 1999/00 | B154: 6.6451613 | C154: 7.8354839 | D154: 11.086667 | E154: 15.503226 | F154: 19.283333 | G154: 18.380645 | H154: 17.280645 | I154: 18.637931 | J154: 17.796774 | K154: 11.673333 | L154: 5.9709677 | M154: 5.7566667 | N154: =AVERAGE(B154:M154) -> 12.98757
A155: 2000/01 | B155: 2.816129 | C155: 6.9548387 | D155: 11.513333 | E155: 15.851613 | F155: 19.283333 | G155: 18.570968 | H155: 19.432258 | I155: 19.125 | J155: 17.058065 | K155: 14.136667 | L155: 7.9516129 | M155: 4.4866667 | N155: =AVERAGE(B155:M155) -> 13.098374
A156: 2001/02 | B156: 3.5903226 | C156: 6.7903226 | D156: 10.4 | E156: 15.980645 | F156: 16.53 | G156: 17.443333 | H156: 18.267742 | I156: 18.132143 | J156: 16.551613 | K156: 12.943333 | L156: 7.7870968 | M156: 4.962069 | N156: =AVERAGE(B156:M156) -> 12.448218
A157: 2002/03 | B157: 2.0741935 | C157: 9.1806452 | D157: 11.08 | E157: 15.470968 | F157: 16.206667 | G157: 18.980645 | H157: 18.983871 | I157: 20.510714 | J157: 16.83871 | K157: 15.24 | L157: 7.6548387 | M157: 6.5533333 | N157: =AVERAGE(B157:M157) -> 13.231215
A158: 2003/04 | B158: 3.7032258 | C158: 5.7096774 | D158: 12.333333 | E158: 16.812903 | F158: 18.423333 | G158: 19.46129 | H158: 19.625806 | I158: 18.617857 | J158: 16.93871 | K158: 13.516667 | L158: 7.9967742 | M158: 4.7433333 | N158: =AVERAGE(B158:M158) -> 13.156909
A159: 2004/05 | B159: 3.1516129 | C159: 7.6290323 | D159: 9.8466667 | E159: 15.746667 | F159: 18.996667 | G159: 19.593548 | H159: 20.493333 | I159: 20.075 | J159: 17.232258 | K159: 14.53 | L159: 8.3741935 | M159: 6.85 | N159: =AVERAGE(B159:M159) -> 13.543248
... A171: 2016/17 | B171: 4.1 | C171: 6.8 | D171: 14 | E171: 18.2 | F171: 19.8 | G171: 6.8 | H171: 19.7 | I171: 19.6 | J171: 16 | K171: 15.6 | L171: 7.3 | M171: 5.1 | N171: =AVERAGE(B171:M171) -> 12.75
A172: 2017/18 | B172: 5 | C172: 7.6 | D172: 12.1 | E172: 15.6 | F172: 15.6 | G172: 18.8 | H172: =AVERAGE(H148:H171) -> 18.954798 | I172: 19.4 | J172: 17.1 | K172: 14 | L172: 7.8 | M172: 3.5 | N172: =AVERAGE(B172:M172) -> 12.954567
A173: 2018/19 | B173: 4.4 | C173: 8.8 | D173: 11.6 | E173: 15 | F173: 18.8 | G173: 21.3 | H173: 20.7 | I173: 20 | J173: 19.7 | K173: 15.2 | L173: 8.8 | M173: 4.3 | N173: =AVERAGE(B173:M173) -> 14.05
A174: 2019/20 | B174: 3.3 | C174: 10.2 | D174: 11.4 | E174: 17.6 | F174: 19.9 | G174: 19.3 | H174: 19.151613 | I174: 18.989655 | J174: 17.041935 | K174: 13.91 | L174: 7.0677419 | M174: 3.25 | N174: =AVERAGE(B174:M174) -> 13.425912
A175: 2020/21 | B175: 2.26 | C175: 8.4677419 | D175: 13.216667 | E175: 20.044444 | F175: 17.863333 | G175: 18.5 | H175: 20.067857 | I175: 18.882143 | J175: 15.353333 | K175: 12.134483 | L175: 6.5677419 | M175: 4.7916667 | N175: =AVERAGE(B175:M175) -> 13.179118
A176: 2021/22 | B176: 2.26 | C176: 8.4677419 | D176: 13.216667 | E176: 15.1 | F176: 19.15625 | G176: 17.929032 | H176: 18.9 | I176: 19.1 | J176: 17.9 | K176: 15.5 | L176: 7.6 | M176: 3.8 | N176: =AVERAGE(B176:M176) -> 13.244141
A177: 2022/23 | B177: 5.4 | C177: 6.7 | D177: 11.8 | E177: 17.9 | F177: 17.4 | G177: 18.1 | H177: 18.1 | I177: 19 | J177: 16.6 | K177: 11.4 | L177: 9.7 | M177: 3.2 | N177: =AVERAGE(B177:M177) -> 12.941667
A178: 2023/24 | B178: 4 | C178: 5.5 | D178: 12 | E178: 16 | F178: 17.1 | G178: 19.4 | H178: 19.8 | I178: 20.2 | J178: 20 | K178: 14.4 | L178: 8.8 | M178: 5.2 | N178: =AVERAGE(B178:M178) -> 13.533333
A179: Mnthly Av. | B179: =AVERAGE(B148:B178) -> 3.962206 | C179: =AVERAGE(C148:C178) -> 7.2829202 | D179: =AVERAGE(D148:D178) -> 12.005805 | E179: =AVERAGE(E148:E178) -> 16.327088 | F179: =AVERAGE(F148:F178) -> 18.041691 | G179: =AVERAGE(G148:G178) -> 18.55002 | H179: =AVERAGE(H148:H178) -> 19.051272 | I179: =AVERAGE(I148:I178) -> 19.260009 | ... M179: =AVERAGE(M148:M178) -> 4.4683463
A181: Station: Mahalapye
A182: Mean Monthly Minimum temperatures
B183: Jul | C183: Aug | D183: Sep | E183: Oct | F183: Nov | G183: Dec | H183: Jan | I183: Feb | J183: Mar | K183: Apr | L183: May | M183: Jun | N183: Annual Av.
A184: 1993/94 | B184: 9.2 | C184: 9.2 | D184: 13.9 | E184: 18.7 | F184: 18.7 | G184: 19.3 | H184: 18.7 | I184: 18.9 | J184: 18.3 | K184: 15.2 | L184: 9.3 | M184: 6.3 | N184: =AVERAGE(B184:M184) -> 14.641667
A185: 1994/95 | B185: 3.7 | C185: 7.9 | D185: 12.9 | E185: 15.9 | F185: 20.3 | G185: 19.6 | H185: 20.5 | I185: 20 | J185: 18.2 | K185: 14.3 | L185: 10.9 | M185: 5.6 | N185: =AVERAGE(B185:M185) -> 14.15
A186: 1995/96 | B186: 6.7 | C186: 9.9 | D186: 14.6 | E186: 18.6 | F186: 19.5 | G186: 17.6 | H186: 19.5 | I186: 18.3 | J186: 14.8 | K186: 12.5 | L186: 9.7 | M186: 5.7 | N186: =AVERAGE(B186:M186) -> 13.95
A187: 1996/97 | B187: 5.2 | C187: 9.2 | D187: 12.8 | E187: 17.9 | F187: 18.3 | G187: 18.5 | H187: 19.3 | I187: 18.1 | J187: 17.2 | K187: 11.9 | L187: 8 | M187: 6.1 | N187: =AVERAGE(B187:M187) -> 13.541667
A188: 1997/98 | B188: 6 | C188: 8.3 | D188: 14.2 | E188: 15.8 | F188: 18 | G188: 19.6 | H188: 19.7 | I188: 19.6 | J188: 20 | K188: 15.5 | L188: 9.4 | M188: 5.5 | N188: =AVERAGE(B188:M188) -> 14.3
...

Sheet Hazard_Input_Temp.
B5: Station | C5: Year | D5: Month | E5: Max_temp_C | F5: Scenario
B6: Sir Seretse Khama Airport | C6: 1993/94 | D6: July | E6: 24.3 | F6: Historical
B7: Sir Seretse Khama Airport | C7: 1993/94 | D7: august | E7: 26.6 | F7: Historical
B8: Sir Seretse Khama Airport | C8: 1993/94 | D8: september | E8: 31.8 | F8: Historical
B9: Sir Seretse Khama Airport | C9: 1993/94 | D9: October | E9: 33.2 | F9: Historical
B10: Sir Seretse Khama Airport | C10: 1993/94 | D10: November | E10: 33.2 | F10: Historical
B11: Sir Seretse Khama Airport | C11: 1993/94 | D11: December | E11: 34.7 | F11: Historical
B12: Sir Seretse Khama Airport | C12: 1993/94 | D12: January | E12: 29.3 | F12: Historical
B13: Sir Seretse Khama Airport | C13: 1993/94 | D13: February | E13: 30.8 | F13: Historical
B14: Sir Seretse Khama Airport | C14: 1993/94 | D14: March | E14: 34.3 | F14: Historical
B15: Sir Seretse Khama Airport | C15: 1993/94 | D15: April | E15: 30.6 | F15: Historical
B16: Sir Seretse Khama Airport | C16: 1993/94 | D16: May | E16: 27.4 | F16: Historical
B17: Sir Seretse Khama Airport | C17: 1993/94 | D17: June | E17: 22.4 | F17: Historical
B18: Sir Seretse Khama Airport
B19: Sir Seretse Khama Airport | C19: 1994/95 | D19: July | F19: Historical
B20: Sir Seretse Khama Airport | C20: 1994/95 | D20: August | F20: Historical
B21: Sir Seretse Khama Airport | C21: 1994/95 | D21: September | F21: Historical
B22: Sir Seretse Khama Airport | C22: 1994/95 | D22: October | F22: Historical
B23: Sir Seretse Khama Airport | C23: 1994/95 | D23: November | F23: Historical
B24: Sir Seretse Khama Airport | C24: 1994/95 | D24: December | F24: Historical
B25: Sir Seretse Khama Airport | C25: 1994/95 | D25: January | F25: Historical
B26: Sir Seretse Khama Airport | C26: 1994/95 | D26: February | F26: Historical
B27: Sir Seretse Khama Airport | C27: 1994/95 | D27: March | F27: Historical
B28: Sir Seretse Khama Airport | C28: 1994/95 | D28: April | F28: Historical
B29: Sir Seretse Khama Airport | C29: 1994/95 | D29: May | F29: Historical
B30: Sir Seretse Khama Airport | C30: 1994/95 | D30: June | F30: Historical
B31: Sir Seretse Khama Airport
B32: Sir Seretse Khama Airport | C32: 1995/96 | D32: July | F32: Historical
B33: Sir Seretse Khama Airport | C33: 1995/96 | D33: August | F33: Historical
B34: Sir Seretse Khama Airport | C34: 1995/96 | D34: September | F34: Historical
B35: Sir Seretse Khama Airport | C35: 1995/96 | D35: October | F35: Historical
B36: Sir Seretse Khama Airport | C36: 1995/96 | D36: November | F36: Historical
B37: Sir Seretse Khama Airport | C37: 1995/96 | D37: December | F37: Historical
B38: Sir Seretse Khama Airport | C38: 1995/96 | D38: January | F38: Historical
B39: Sir Seretse Khama Airport | C39: 1995/96 | D39: February | F39: Historical
B40: Sir Seretse Khama Airport | C40: 1995/96 | D40: March | F40: Historical
B41: Sir Seretse Khama Airport | C41: 1995/96 | D41: April | F41: Historical
B42: Sir Seretse Khama Airport | C42: 1995/96 | D42: May | F42: Historical
B43: Sir Seretse Khama Airport | C43: 1995/96 | D43: June | F43: Historical
B44: Sir Seretse Khama Airport
B45: Sir Seretse Khama Airport | C45: 1996/97 | D45: July | F45: Historical
B46: Sir Seretse Khama Airport | C46: 1996/97 | D46: August | F46: Historical
B47: Sir Seretse Khama Airport | C47: 1996/97 | D47: September | F47: Historical
B48: Sir Seretse Khama Airport | C48: 1996/97 | D48: October | F48: Historical
B49: Sir Seretse Khama Airport | C49: 1996/97 | D49: November | F49: Historical
B50: Sir Seretse Khama Airport | C50: 1996/97 | D50: December | F50: Historical
B51: Sir Seretse Khama Airport | C51: 1996/97 | D51: January | F51: Historical
B52: Sir Seretse Khama Airport | C52: 1996/97 | D52: February | F52: Historical
B53: Sir Seretse Khama Airport | C53: 1996/97 | D53: March | F53: Historical
B54: Sir Seretse Khama Airport | C54: 1996/97 | D54: April | F54: Historical
B55: Sir Seretse Khama Airport | C55: 1996/97 | D55: May | F55: Historical
B56: Sir Seretse Khama Airport | C56: 1996/97 | D56: June | F56: Historical
B57: Sir Seretse Khama Airport
B58: Sir Seretse Khama Airport | C58: 1997/98 | D58: July | F58: Historical
B59: Sir Seretse Khama Airport | C59: 1997/98 | D59: August | F59: Historical
B60: Sir Seretse Khama Airport | C60: 1997/98 | D60: September | F60: Historical
B61: Sir Seretse Khama Airport | C61: 1997/98 | D61: October | F61: Historical
B62: Sir Seretse Khama Airport | C62: 1997/98 | D62: November | F62: Historical
B63: Sir Seretse Khama Airport | C63: 1997/98 | D63: December | F63: Historical
B64: Sir Seretse Khama Airport | C64: 1997/98 | D64: January | F64: Historical
B65: Sir Seretse Khama Airport | C65: 1997/98 | D65: February | F65: Historical
B66: Sir Seretse Khama Airport | C66: 1997/98 | D66: March | F66: Historical
B67: Sir Seretse Khama Airport | C67: 1997/98 | D67: April | F67: Historical
B68: Sir Seretse Khama Airport | C68: 1997/98 | D68: May | F68: Historical
B69: Sir Seretse Khama Airport | C69: 1997/98 | D69: June | F69: Historical
B70: Sir Seretse Khama Airport
B71: Sir Seretse Khama Airport
B72: Sir Seretse Khama Airport | C72: 1998/99 | D72: July | F72: Historical
B73: Sir Seretse Khama Airport | C73: 1998/99 | D73: August | F73: Historical
B74: Sir Seretse Khama Airport | C74: 1998/99 | D74: September | F74: Historical
B75: Sir Seretse Khama Airport | C75: 1998/99 | D75: October | F75: Historical
B76: Sir Seretse Khama Airport | C76: 1998/99 | D76: November | F76: Historical
B77: Sir Seretse Khama Airport | C77: 1998/99 | D77: December | F77: Historical
B78: Sir Seretse Khama Airport | C78: 1998/99 | D78: January | F78: Historical
B79: Sir Seretse Khama Airport | C79: 1998/99 | D79: February | F79: Historical
B80: Sir Seretse Khama Airport | C80: 1998/99 | D80: March | F80: Historical
B81: Sir Seretse Khama Airport | C81: 1998/99 | D81: April | F81: Historical
B82: Sir Seretse Khama Airport | C82: 1998/99 | D82: May | F82: Historical
B83: Sir Seretse Khama Airport | C83: 1998/99 | D83: June | F83: Historical
B84: Sir Seretse Khama Airport
B85: Sir Seretse Khama Airport
B86: Sir Seretse Khama Airport | C86: 1999/00 | D86: July | F86: Historical
B87: Sir Seretse Khama Airport | C87: 1999/00 | D87: August | F87: Historical
B88: Sir Seretse Khama Airport | C88: 1999/00 | D88: September | F88: Historical
B89: Sir Seretse Khama Airport | C89: 1999/00 | D89: October | F89: Historical
B90: Sir Seretse Khama Airport | C90: 1999/00 | D90: November | F90: Historical
B91: Sir Seretse Khama Airport | C91: 1999/00 | D91: December | F91: Historical
B92: Sir Seretse Khama Airport | C92: 1999/00 | D92: January | F92: Historical
B93: Sir Seretse Khama Airport | C93: 1999/00 | D93: February | F93: Historical
B94: Sir Seretse Khama Airport | C94: 1999/00 | D94: March | F94: Historical
B95: Sir Seretse Khama Airport | C95: 1999/00 | D95: April | F95: Historical
B96: Sir Seretse Khama Airport | C96: 1999/00 | D96: May | F96: Historical
B97: Sir Seretse Khama Airport | C97: 1999/00 | D97: June | F97: Historical
B98: Sir Seretse Khama Airport
B99: Sir Seretse Khama Airport
B100: Sir Seretse Khama Airport | C100: 2000/01 | D100: July | F100: Historical
B101: Sir Seretse Khama Airport | C101: 2000/01 | D101: August | F101: Historical
B102: Sir Seretse Khama Airport | C102: 2000/01 | D102: September | F102: Historical
B103: Sir Seretse Khama Airport | C103: 2000/01 | D103: October | F103: Historical
B104: Sir Seretse Khama Airport | C104: 2000/01 | D104: November | F104: Historical
...

Sheet HAZARD DATA
A1: Station | B1: Year | C1: Annual_mean_max_C | D1: Annual_total_mm | E1: Months_present | F1: Scenario
A2: Sir Seretse Khama Airport | B2: 1993/94 | C2: =MAX!N153 -> 28.335115 | D2: 488.7 | E2: 12 | F2: Historical
A3: Sir Seretse Khama Airport | B3: 1994/95 | C3: =MAX!N154 -> 28.637822 | D3: 366.7 | E3: 12 | F3: Historical
A4: Sir Seretse Khama Airport | B4: 1995/96 | C4: =MAX!N155 -> 27.917299 | D4: 636.8 | E4: 12 | F4: Historical
A5: Sir Seretse Khama Airport | B5: 1996/97 | C5: =MAX!N156 -> 27.55662 | D5: 731.1 | E5: 12 | F5: Historical
A6: Sir Seretse Khama Airport | B6: 1997/98 | C6: =MAX!N157 -> 29.229489 | D6: 454.7 | E6: 12 | F6: Historical
A7: Sir Seretse Khama Airport | B7: 1998/99 | C7: =MAX!N158 -> 28.78738 | D7: 303.9 | E7: 12 | F7: Historical
A8: Sir Seretse Khama Airport | B8: 1999/00 | C8: =MAX!N159 -> 26.836816 | D8: 853.1 | E8: 12 | F8: Historical
A9: Sir Seretse Khama Airport | B9: 2000/01 | C9: =MAX!N160 -> 27.787011 | D9: 567 | E9: 12 | F9: Historical
A10: Sir Seretse Khama Airport | B10: 2001/02 | C10: =MAX!N161 -> 27.801559 | D10: 639.6 | E10: 12 | F10: Historical
A11: Sir Seretse Khama Airport | B11: 2002/03 | C11: =MAX!N162 -> 29.273059 | D11: 361.4 | E11: 12 | F11: Historical
A12: Sir Seretse Khama Airport | B12: 2003/04 | C12: =MAX!N163 -> 28.133057 | D12: 475.6 | E12: 12 | F12: Historical
A13: Sir Seretse Khama Airport | B13: 2004/05 | C13: =MAX!N164 -> 29.102196 | D13: 357.3 | E13: 12 | F13: Historical
... A32: Sir Seretse Khama Airport | B32: 2023/24 | C32: =MAX!N183 -> 29.75 | D32: 267.9 | E32: 12 | F32: Historical

Sheet CAT Claims Data
A1: ClaimNum | B1: CatastropheCode | C1: RiskDescription | D1: Claim Cost | E1: CurrencyDesc | F1: LossDate
A2: 1234 | B2: 2025 Feb flooding | C2: Houseowners Combined | D2: 22549.66 | E2: PULA | F2: 2/19/2025
A3: 1235 | B3: 2025 Feb flooding | C3: Houseowners Combined | D3: 300000 | E3: PULA | F3: 2/19/2025
A4: 1236 | B4: 2025 Feb flooding | C4: Houseowners Combined | D4: 86243.5 | E4: PULA | F4: 2/19/2025
A5: 1237 | B5: 2025 Feb flooding | C5: Houseowners Combined | D5: 8901.06 | E5: PULA | F5: 2/21/2025
A6: 1238 | B6: 2025 Feb flooding | C6: Houseowners Combined | D6: 18055.13 | E6: PULA | F6: 2/19/2025
A7: 1239 | B7: 2025 Feb flooding | C7: Houseowners Combined | D7: 23770 | E7: PULA | F7: 2/19/2025
A8: 1240 | B8: 2025 Feb flooding | C8: Houseowners Combined | D8: 488260.34 | E8: PULA | F8: 2/20/2025
A9: 1241 | B9: 2025 Feb flooding | C9: Houseowners Combined | D9: 45725.58 | E9: PULA | F9: 2/19/2025
A10: 1242 | B10: 2025 Feb flooding | C10: Houseowners Combined | D10: 49468.4 | E10: PULA | F10: 2/19/2025
A11: 1243 | B11: 2025 Feb flooding | C11: Houseowners Combined | D11: 38208.93 | E11: PULA | F11: 2/19/2025
A12: 1244 | B12: 2025 Feb flooding | C12: Houseowners Combined | D12: 23834.8 | E12: PULA | F12: 2/20/2025
A13: 1245 | B13: 2025 Feb flooding | C13: Houseowners Combined | D13: 66231 | E13: PULA | F13: 2/19/2025
... A546: 1588 | B546: 2025 Feb flooding | C546: Assets All Risks | D546: 450000 | E546: PULA | F546: 2/20/2025
